Question	Answer	Source	Metadata	SuggestedQuestions	IsContextOnly	Prompts	QnaId
Why is this project being built?	The Laredo area is expected to add between 100,000 and 200,000 residents over the next 25 years\n–\nmost of these people are expected to locate to the north and east sides of the community. This facility is envisioned to serve the whole community by meeting needs without overburdening existing, already limited facilities. The new facility will provide a safer environment, reducing crashes and injuries.	FAQ_LaredoOuterLoop_FinalDraft_Spanish.pdf		[]	false	[{"displayOrder":0,"qnaId":118,"displayText":"Tell me more ..."}]	1
Why this project?	The Laredo area is expected to add between 100,000 and 200,000 residents over the next 25 years\n–\nmost of these people are expected to locate to the north and east sides of the community. This facility is envisioned to serve the whole community by meeting needs without overburdening existing, already limited facilities. The new facility will provide a safer environment, reducing crashes and injuries.	FAQ_LaredoOuterLoop_FinalDraft_Spanish.pdf		[]	false	[{"displayOrder":0,"qnaId":118,"displayText":"Tell me more ..."}]	1
Why not another project?	The Laredo area is expected to add between 100,000 and 200,000 residents over the next 25 years\n–\nmost of these people are expected to locate to the north and east sides of the community. This facility is envisioned to serve the whole community by meeting needs without overburdening existing, already limited facilities. The new facility will provide a safer environment, reducing crashes and injuries.	FAQ_LaredoOuterLoop_FinalDraft_Spanish.pdf		[]	false	[{"displayOrder":0,"qnaId":118,"displayText":"Tell me more ..."}]	1
Why the Laredo Outer Loop?	The Laredo area is expected to add between 100,000 and 200,000 residents over the next 25 years\n–\nmost of these people are expected to locate to the north and east sides of the community. This facility is envisioned to serve the whole community by meeting needs without overburdening existing, already limited facilities. The new facility will provide a safer environment, reducing crashes and injuries.	FAQ_LaredoOuterLoop_FinalDraft_Spanish.pdf		[]	false	[{"displayOrder":0,"qnaId":118,"displayText":"Tell me more ..."}]	1
Why the Outer Loop?	The Laredo area is expected to add between 100,000 and 200,000 residents over the next 25 years\n–\nmost of these people are expected to locate to the north and east sides of the community. This facility is envisioned to serve the whole community by meeting needs without overburdening existing, already limited facilities. The new facility will provide a safer environment, reducing crashes and injuries.	FAQ_LaredoOuterLoop_FinalDraft_Spanish.pdf		[]	false	[{"displayOrder":0,"qnaId":118,"displayText":"Tell me more ..."}]	1
Why are you building the Laredo Outer Loop?	The Laredo area is expected to add between 100,000 and 200,000 residents over the next 25 years\n–\nmost of these people are expected to locate to the north and east sides of the community. This facility is envisioned to serve the whole community by meeting needs without overburdening existing, already limited facilities. The new facility will provide a safer environment, reducing crashes and injuries.	FAQ_LaredoOuterLoop_FinalDraft_Spanish.pdf		[]	false	[{"displayOrder":0,"qnaId":118,"displayText":"Tell me more ..."}]	1
Which aspects were taken into consideration when defining the alignments?	The alignments were defined based on several environmental and human constraints in the study area. Factors considered include: existing houses, colonias, prime farmland soils, floodplains, wetlands, rivers, streams, lakes, oil/gas wells, pipelines, hazardous waste sites, endangered species, archeological locations, parcel boundaries, among others. The proposed alignments are not final and are subject to change.	FAQ_LaredoOuterLoop_FinalDraft_Spanish.pdf		[]	false	[{"displayOrder":0,"qnaId":118,"displayText":"Tell me more ..."}]	2
How were the alignments defined?	The alignments were defined based on several environmental and human constraints in the study area. Factors considered include: existing houses, colonias, prime farmland soils, floodplains, wetlands, rivers, streams, lakes, oil/gas wells, pipelines, hazardous waste sites, endangered species, archeological locations, parcel boundaries, among others. The proposed alignments are not final and are subject to change.	FAQ_LaredoOuterLoop_FinalDraft_Spanish.pdf		[]	false	[{"displayOrder":0,"qnaId":118,"displayText":"Tell me more ..."}]	2
How did you defined the alignments?	The alignments were defined based on several environmental and human constraints in the study area. Factors considered include: existing houses, colonias, prime farmland soils, floodplains, wetlands, rivers, streams, lakes, oil/gas wells, pipelines, hazardous waste sites, endangered species, archeological locations, parcel boundaries, among others. The proposed alignments are not final and are subject to change.	FAQ_LaredoOuterLoop_FinalDraft_Spanish.pdf		[]	false	[{"displayOrder":0,"qnaId":118,"displayText":"Tell me more ..."}]	2
Why do the alignments look like that?	The alignments were defined based on several environmental and human constraints in the study area. Factors considered include: existing houses, colonias, prime farmland soils, floodplains, wetlands, rivers, streams, lakes, oil/gas wells, pipelines, hazardous waste sites, endangered species, archeological locations, parcel boundaries, among others. The proposed alignments are not final and are subject to change.	FAQ_LaredoOuterLoop_FinalDraft_Spanish.pdf		[]	false	[{"displayOrder":0,"qnaId":118,"displayText":"Tell me more ..."}]	2
Why the alignments are not following a different path?	The alignments were defined based on several environmental and human constraints in the study area. Factors considered include: existing houses, colonias, prime farmland soils, floodplains, wetlands, rivers, streams, lakes, oil/gas wells, pipelines, hazardous waste sites, endangered species, archeological locations, parcel boundaries, among others. The proposed alignments are not final and are subject to change.	FAQ_LaredoOuterLoop_FinalDraft_Spanish.pdf		[]	false	[{"displayOrder":0,"qnaId":118,"displayText":"Tell me more ..."}]	2
Who defined the alignments?	The alignments were defined based on several environmental and human constraints in the study area. Factors considered include: existing houses, colonias, prime farmland soils, floodplains, wetlands, rivers, streams, lakes, oil/gas wells, pipelines, hazardous waste sites, endangered species, archeological locations, parcel boundaries, among others. The proposed alignments are not final and are subject to change.	FAQ_LaredoOuterLoop_FinalDraft_Spanish.pdf		[]	false	[{"displayOrder":0,"qnaId":118,"displayText":"Tell me more ..."}]	2
How will the project improve safety for traffic on the roadway?	The proposed project will increase capacity (more lanes) to meet anticipated needs of growing traffic volumes. Without additional capacity, motorists will experience higher levels of congestion on parallel facilities like Loop 20.  Congestion creates stress and frustration among motorists, and in extreme cases can induce road rage.  Besides increasing capacity, the design will include medians that will keep vehicles traveling in opposite directions from crossing into each others’ lanes.	FAQ_LaredoOuterLoop_FinalDraft_Spanish.pdf		[]	false	[{"displayOrder":0,"qnaId":118,"displayText":"Tell me more ..."}]	3
Will it make us safer?	The proposed project will increase capacity (more lanes) to meet anticipated needs of growing traffic volumes. Without additional capacity, motorists will experience higher levels of congestion on parallel facilities like Loop 20.  Congestion creates stress and frustration among motorists, and in extreme cases can induce road rage.  Besides increasing capacity, the design will include medians that will keep vehicles traveling in opposite directions from crossing into each others’ lanes.	FAQ_LaredoOuterLoop_FinalDraft_Spanish.pdf		[]	false	[{"displayOrder":0,"qnaId":118,"displayText":"Tell me more ..."}]	3
Will crashes on the road decrease?	The proposed project will increase capacity (more lanes) to meet anticipated needs of growing traffic volumes. Without additional capacity, motorists will experience higher levels of congestion on parallel facilities like Loop 20.  Congestion creates stress and frustration among motorists, and in extreme cases can induce road rage.  Besides increasing capacity, the design will include medians that will keep vehicles traveling in opposite directions from crossing into each others’ lanes.	FAQ_LaredoOuterLoop_FinalDraft_Spanish.pdf		[]	false	[{"displayOrder":0,"qnaId":118,"displayText":"Tell me more ..."}]	3
How will it improve safety?	The proposed project will increase capacity (more lanes) to meet anticipated needs of growing traffic volumes. Without additional capacity, motorists will experience higher levels of congestion on parallel facilities like Loop 20.  Congestion creates stress and frustration among motorists, and in extreme cases can induce road rage.  Besides increasing capacity, the design will include medians that will keep vehicles traveling in opposite directions from crossing into each others’ lanes.	FAQ_LaredoOuterLoop_FinalDraft_Spanish.pdf		[]	false	[{"displayOrder":0,"qnaId":118,"displayText":"Tell me more ..."}]	3
Why is this safer?	The proposed project will increase capacity (more lanes) to meet anticipated needs of growing traffic volumes. Without additional capacity, motorists will experience higher levels of congestion on parallel facilities like Loop 20.  Congestion creates stress and frustration among motorists, and in extreme cases can induce road rage.  Besides increasing capacity, the design will include medians that will keep vehicles traveling in opposite directions from crossing into each others’ lanes.	FAQ_LaredoOuterLoop_FinalDraft_Spanish.pdf		[]	false	[{"displayOrder":0,"qnaId":118,"displayText":"Tell me more ..."}]	3
¿Por qué se está construyendo este proyecto?	**¿Por qué se está construyendo este proyecto?**\n\nSe estima que en los próximos 25 años el área de Laredo añadirá entre 100,000 y 200,000 residentes; se espera que la mayoría de estas personas se ubiquen al Norte y Este de la ciudad. Esta carretera está diseñada para servir a toda la comunidad al satisfacer las necesidades de transporte sin sobrecargar las limitadas carreteras existentes. La nueva carretera proporcionará un entorno más seguro, reduciendo accidentes y lesiones.	FAQ_LaredoOuterLoop_FinalDraft_Spanish.pdf		[]	false	[]	4
¿Por qué es importante este proyecto?	**¿Por qué se está construyendo este proyecto?**\n\nSe estima que en los próximos 25 años el área de Laredo añadirá entre 100,000 y 200,000 residentes; se espera que la mayoría de estas personas se ubiquen al Norte y Este de la ciudad. Esta carretera está diseñada para servir a toda la comunidad al satisfacer las necesidades de transporte sin sobrecargar las limitadas carreteras existentes. La nueva carretera proporcionará un entorno más seguro, reduciendo accidentes y lesiones.	FAQ_LaredoOuterLoop_FinalDraft_Spanish.pdf		[]	false	[]	4
¿Cúal es la importancia de este proyecto?	**¿Por qué se está construyendo este proyecto?**\n\nSe estima que en los próximos 25 años el área de Laredo añadirá entre 100,000 y 200,000 residentes; se espera que la mayoría de estas personas se ubiquen al Norte y Este de la ciudad. Esta carretera está diseñada para servir a toda la comunidad al satisfacer las necesidades de transporte sin sobrecargar las limitadas carreteras existentes. La nueva carretera proporcionará un entorno más seguro, reduciendo accidentes y lesiones.	FAQ_LaredoOuterLoop_FinalDraft_Spanish.pdf		[]	false	[]	4
¿Qué aspectos se tomaron en cuenta al definir los alineamientos?	**¿Qué aspectos se tomaron en cuenta al definir los alineamientos?**\n\nLos alineamientos se definieron en función de varias limitaciones ambientales y humanas en el área de estudio. Los factores considerados incluyen: residencias existentes, colonias, tierras de cultivo principales, llanuras de inundación, humedales, ríos, arroyos, lagos, pozos de petróleo/gas, oleoductos, sitios de desechos peligrosos, hábitat de especies en peligro de extinción, sitios arqueológicos, límites de parcelas, entre otros. Los alineamientos propuestos no son finales y están sujetos a cambios.	FAQ_LaredoOuterLoop_FinalDraft_Spanish.pdf		[]	false	[]	5
¿Cómo se definieron los alineamientos?	**¿Qué aspectos se tomaron en cuenta al definir los alineamientos?**\n\nLos alineamientos se definieron en función de varias limitaciones ambientales y humanas en el área de estudio. Los factores considerados incluyen: residencias existentes, colonias, tierras de cultivo principales, llanuras de inundación, humedales, ríos, arroyos, lagos, pozos de petróleo/gas, oleoductos, sitios de desechos peligrosos, hábitat de especies en peligro de extinción, sitios arqueológicos, límites de parcelas, entre otros. Los alineamientos propuestos no son finales y están sujetos a cambios.	FAQ_LaredoOuterLoop_FinalDraft_Spanish.pdf		[]	false	[]	5
¿Por qué los alineamientos lucen de esa manera?	**¿Qué aspectos se tomaron en cuenta al definir los alineamientos?**\n\nLos alineamientos se definieron en función de varias limitaciones ambientales y humanas en el área de estudio. Los factores considerados incluyen: residencias existentes, colonias, tierras de cultivo principales, llanuras de inundación, humedales, ríos, arroyos, lagos, pozos de petróleo/gas, oleoductos, sitios de desechos peligrosos, hábitat de especies en peligro de extinción, sitios arqueológicos, límites de parcelas, entre otros. Los alineamientos propuestos no son finales y están sujetos a cambios.	FAQ_LaredoOuterLoop_FinalDraft_Spanish.pdf		[]	false	[]	5
¿Por qué los alineamientos son asi?	**¿Qué aspectos se tomaron en cuenta al definir los alineamientos?**\n\nLos alineamientos se definieron en función de varias limitaciones ambientales y humanas en el área de estudio. Los factores considerados incluyen: residencias existentes, colonias, tierras de cultivo principales, llanuras de inundación, humedales, ríos, arroyos, lagos, pozos de petróleo/gas, oleoductos, sitios de desechos peligrosos, hábitat de especies en peligro de extinción, sitios arqueológicos, límites de parcelas, entre otros. Los alineamientos propuestos no son finales y están sujetos a cambios.	FAQ_LaredoOuterLoop_FinalDraft_Spanish.pdf		[]	false	[]	5
¿Por qué estos alineamientos?	**¿Qué aspectos se tomaron en cuenta al definir los alineamientos?**\n\nLos alineamientos se definieron en función de varias limitaciones ambientales y humanas en el área de estudio. Los factores considerados incluyen: residencias existentes, colonias, tierras de cultivo principales, llanuras de inundación, humedales, ríos, arroyos, lagos, pozos de petróleo/gas, oleoductos, sitios de desechos peligrosos, hábitat de especies en peligro de extinción, sitios arqueológicos, límites de parcelas, entre otros. Los alineamientos propuestos no son finales y están sujetos a cambios.	FAQ_LaredoOuterLoop_FinalDraft_Spanish.pdf		[]	false	[]	5
¿Por qué los alineamientos se ven asi?	**¿Qué aspectos se tomaron en cuenta al definir los alineamientos?**\n\nLos alineamientos se definieron en función de varias limitaciones ambientales y humanas en el área de estudio. Los factores considerados incluyen: residencias existentes, colonias, tierras de cultivo principales, llanuras de inundación, humedales, ríos, arroyos, lagos, pozos de petróleo/gas, oleoductos, sitios de desechos peligrosos, hábitat de especies en peligro de extinción, sitios arqueológicos, límites de parcelas, entre otros. Los alineamientos propuestos no son finales y están sujetos a cambios.	FAQ_LaredoOuterLoop_FinalDraft_Spanish.pdf		[]	false	[]	5
¿Cómo mejorará el proyecto la seguridad vial en la carretera?	**¿Cómo mejorará el proyecto la seguridad vial en la carretera?**\n\nEl proyecto propuesto aumentará la capacidad de la carretera (más carriles) para satisfacer las necesidades anticipadas de los crecientes volúmenes de tráfico. Sin capacidad adicional, los conductores experimentarán mayores niveles de congestión en carreteras paralelas como el Loop 20. La congestión\n\ncrea estrés y frustración entre los conductores y, en casos extremos, puede provocar ira en la carretera. Además de aumentar la capacidad, el diseño incluirá camellones que mantendrán separados los vehículos viajando en direcciones opuestas para evitar que crucen hacia los carriles equivocados.	FAQ_LaredoOuterLoop_FinalDraft_Spanish.pdf		[]	false	[]	6
¿Van a disminuir el número de accidentes viales?	**¿Cómo mejorará el proyecto la seguridad vial en la carretera?**\n\nEl proyecto propuesto aumentará la capacidad de la carretera (más carriles) para satisfacer las necesidades anticipadas de los crecientes volúmenes de tráfico. Sin capacidad adicional, los conductores experimentarán mayores niveles de congestión en carreteras paralelas como el Loop 20. La congestión\n\ncrea estrés y frustración entre los conductores y, en casos extremos, puede provocar ira en la carretera. Además de aumentar la capacidad, el diseño incluirá camellones que mantendrán separados los vehículos viajando en direcciones opuestas para evitar que crucen hacia los carriles equivocados.	FAQ_LaredoOuterLoop_FinalDraft_Spanish.pdf		[]	false	[]	6
¿Va a mejorar la seguridad vial cuando se construya el proyecto?	**¿Cómo mejorará el proyecto la seguridad vial en la carretera?**\n\nEl proyecto propuesto aumentará la capacidad de la carretera (más carriles) para satisfacer las necesidades anticipadas de los crecientes volúmenes de tráfico. Sin capacidad adicional, los conductores experimentarán mayores niveles de congestión en carreteras paralelas como el Loop 20. La congestión\n\ncrea estrés y frustración entre los conductores y, en casos extremos, puede provocar ira en la carretera. Además de aumentar la capacidad, el diseño incluirá camellones que mantendrán separados los vehículos viajando en direcciones opuestas para evitar que crucen hacia los carriles equivocados.	FAQ_LaredoOuterLoop_FinalDraft_Spanish.pdf		[]	false	[]	6
Will this project be built if the Fifth Bridge does not become a reality?	This project is not dependent on the Fifth Bridge. The forecasted growth of the community will warrant the needed improvements whether the fifth bridge is built or not. If built, the Fifth Bridge would primarily serve trade and commerce.	FAQ_LaredoOuterLoop_FinalDraft_Spanish.pdf		[]	false	[{"displayOrder":0,"qnaId":118,"displayText":"Tell me more ..."}]	7
Is this project tied to the construction of the new border crossing?	This project is not dependent on the Fifth Bridge. The forecasted growth of the community will warrant the needed improvements whether the fifth bridge is built or not. If built, the Fifth Bridge would primarily serve trade and commerce.	FAQ_LaredoOuterLoop_FinalDraft_Spanish.pdf		[]	false	[{"displayOrder":0,"qnaId":118,"displayText":"Tell me more ..."}]	7
How will the construction of the new bridge affect this project?	This project is not dependent on the Fifth Bridge. The forecasted growth of the community will warrant the needed improvements whether the fifth bridge is built or not. If built, the Fifth Bridge would primarily serve trade and commerce.	FAQ_LaredoOuterLoop_FinalDraft_Spanish.pdf		[]	false	[{"displayOrder":0,"qnaId":118,"displayText":"Tell me more ..."}]	7
When will this project start?	Once the feasibility study is completed, and it is determined that the facility can be built without major impacts to the environment, the project can move on to subsequent phases of final design, right-of-way acquisition, utility relocation and ultimately to construction. The progress of the project also depends on available funding at each phase. As a result, construction on this project may not start for several years.	FAQ_LaredoOuterLoop_FinalDraft_Spanish.pdf		[]	false	[{"displayOrder":0,"qnaId":118,"displayText":"What else will you like to know about this project"}]	8
When can I expect construction to begin?	Once the feasibility study is completed, and it is determined that the facility can be built without major impacts to the environment, the project can move on to subsequent phases of final design, right-of-way acquisition, utility relocation and ultimately to construction. The progress of the project also depends on available funding at each phase. As a result, construction on this project may not start for several years.	FAQ_LaredoOuterLoop_FinalDraft_Spanish.pdf		[]	false	[{"displayOrder":0,"qnaId":118,"displayText":"What else will you like to know about this project"}]	8
How long will it take to complete this project?	Once the feasibility study is completed, and it is determined that the facility can be built without major impacts to the environment, the project can move on to subsequent phases of final design, right-of-way acquisition, utility relocation and ultimately to construction. The progress of the project also depends on available funding at each phase. As a result, construction on this project may not start for several years.	FAQ_LaredoOuterLoop_FinalDraft_Spanish.pdf		[]	false	[{"displayOrder":0,"qnaId":118,"displayText":"What else will you like to know about this project"}]	8
When will it start?	Once the feasibility study is completed, and it is determined that the facility can be built without major impacts to the environment, the project can move on to subsequent phases of final design, right-of-way acquisition, utility relocation and ultimately to construction. The progress of the project also depends on available funding at each phase. As a result, construction on this project may not start for several years.	FAQ_LaredoOuterLoop_FinalDraft_Spanish.pdf		[]	false	[{"displayOrder":0,"qnaId":118,"displayText":"What else will you like to know about this project"}]	8
How long will it take to complete?	Once the feasibility study and earlier project development phases are completed, construction would be phased over several years depending on funding availability. Typically, major facilities like this are built over a span of 20 to 30 or more years.	FAQ_LaredoOuterLoop_FinalDraft_Spanish.pdf		[]	false	[{"displayOrder":0,"qnaId":118,"displayText":"Tell me more ..."}]	9
In how many years will I be driving on the Laredo Outer Loop?	Once the feasibility study and earlier project development phases are completed, construction would be phased over several years depending on funding availability. Typically, major facilities like this are built over a span of 20 to 30 or more years.	FAQ_LaredoOuterLoop_FinalDraft_Spanish.pdf		[]	false	[{"displayOrder":0,"qnaId":118,"displayText":"Tell me more ..."}]	9
When will you be done?	Once the feasibility study and earlier project development phases are completed, construction would be phased over several years depending on funding availability. Typically, major facilities like this are built over a span of 20 to 30 or more years.	FAQ_LaredoOuterLoop_FinalDraft_Spanish.pdf		[]	false	[{"displayOrder":0,"qnaId":118,"displayText":"Tell me more ..."}]	9
What is the next step?	Once the feasibility study and earlier project development phases are completed, construction would be phased over several years depending on funding availability. Typically, major facilities like this are built over a span of 20 to 30 or more years.	FAQ_LaredoOuterLoop_FinalDraft_Spanish.pdf		[]	false	[{"displayOrder":0,"qnaId":118,"displayText":"Tell me more ..."}]	9
When will it be done?	Once the feasibility study and earlier project development phases are completed, construction would be phased over several years depending on funding availability. Typically, major facilities like this are built over a span of 20 to 30 or more years.	FAQ_LaredoOuterLoop_FinalDraft_Spanish.pdf		[]	false	[{"displayOrder":0,"qnaId":118,"displayText":"Tell me more ..."}]	9
Which segment is likely to be built first? Why?	The segments will be prioritized and built based on identified needs\n–\nthe priorities have not yet been established. As an example, the portion between US 59 and SH 359 could relieve traffic demands on the nearby segment of Loop 20 as well as help reduce serious crashes on that facility, and therefore could be prioritized earlier than other segments.	FAQ_LaredoOuterLoop_FinalDraft_Spanish.pdf		[]	false	[{"displayOrder":0,"qnaId":118,"displayText":"Tell me more ..."}]	10
Which segment is more important?	The segments will be prioritized and built based on identified needs\n–\nthe priorities have not yet been established. As an example, the portion between US 59 and SH 359 could relieve traffic demands on the nearby segment of Loop 20 as well as help reduce serious crashes on that facility, and therefore could be prioritized earlier than other segments.	FAQ_LaredoOuterLoop_FinalDraft_Spanish.pdf		[]	false	[{"displayOrder":0,"qnaId":118,"displayText":"Tell me more ..."}]	10
Is segment 1 will be built first?	The segments will be prioritized and built based on identified needs\n–\nthe priorities have not yet been established. As an example, the portion between US 59 and SH 359 could relieve traffic demands on the nearby segment of Loop 20 as well as help reduce serious crashes on that facility, and therefore could be prioritized earlier than other segments.	FAQ_LaredoOuterLoop_FinalDraft_Spanish.pdf		[]	false	[{"displayOrder":0,"qnaId":118,"displayText":"Tell me more ..."}]	10
When is segment 3 going to be built?	The segments will be prioritized and built based on identified needs\n–\nthe priorities have not yet been established. As an example, the portion between US 59 and SH 359 could relieve traffic demands on the nearby segment of Loop 20 as well as help reduce serious crashes on that facility, and therefore could be prioritized earlier than other segments.	FAQ_LaredoOuterLoop_FinalDraft_Spanish.pdf		[]	false	[{"displayOrder":0,"qnaId":118,"displayText":"Tell me more ..."}]	10
Which segment is winning?	The segments will be prioritized and built based on identified needs\n–\nthe priorities have not yet been established. As an example, the portion between US 59 and SH 359 could relieve traffic demands on the nearby segment of Loop 20 as well as help reduce serious crashes on that facility, and therefore could be prioritized earlier than other segments.	FAQ_LaredoOuterLoop_FinalDraft_Spanish.pdf		[]	false	[{"displayOrder":0,"qnaId":118,"displayText":"Tell me more ..."}]	10
Is there a preferred alignment?	The segments will be prioritized and built based on identified needs\n–\nthe priorities have not yet been established. As an example, the portion between US 59 and SH 359 could relieve traffic demands on the nearby segment of Loop 20 as well as help reduce serious crashes on that facility, and therefore could be prioritized earlier than other segments.	FAQ_LaredoOuterLoop_FinalDraft_Spanish.pdf		[]	false	[{"displayOrder":0,"qnaId":118,"displayText":"Tell me more ..."}]	10
¿Se construirá este proyecto aún si el Quinto Puente no se convierte en una realidad?	**¿Se construirá este proyecto aún si el Quinto Puente no se convierte en una realidad?**\n\nEste proyecto no depende del Quinto Puente. El crecimiento previsto de la ciudad requerirá la implementación de las mejoras necesarias independientemente de si el Quinto Puente está construido o no. Si se construye, el Quinto Puente serviría principalmente al intercambio de bienes y el comercio.	FAQ_LaredoOuterLoop_FinalDraft_Spanish.pdf		[]	false	[]	11
¿Depende este proyecto del Quinto Puente?	**¿Se construirá este proyecto aún si el Quinto Puente no se convierte en una realidad?**\n\nEste proyecto no depende del Quinto Puente. El crecimiento previsto de la ciudad requerirá la implementación de las mejoras necesarias independientemente de si el Quinto Puente está construido o no. Si se construye, el Quinto Puente serviría principalmente al intercambio de bienes y el comercio.	FAQ_LaredoOuterLoop_FinalDraft_Spanish.pdf		[]	false	[]	11
¿Cómo afecta la construcción del Quinto Puente a este proyecto?	**¿Se construirá este proyecto aún si el Quinto Puente no se convierte en una realidad?**\n\nEste proyecto no depende del Quinto Puente. El crecimiento previsto de la ciudad requerirá la implementación de las mejoras necesarias independientemente de si el Quinto Puente está construido o no. Si se construye, el Quinto Puente serviría principalmente al intercambio de bienes y el comercio.	FAQ_LaredoOuterLoop_FinalDraft_Spanish.pdf		[]	false	[]	11
¿Que pasa con el Puente Internacional?	**¿Se construirá este proyecto aún si el Quinto Puente no se convierte en una realidad?**\n\nEste proyecto no depende del Quinto Puente. El crecimiento previsto de la ciudad requerirá la implementación de las mejoras necesarias independientemente de si el Quinto Puente está construido o no. Si se construye, el Quinto Puente serviría principalmente al intercambio de bienes y el comercio.	FAQ_LaredoOuterLoop_FinalDraft_Spanish.pdf		[]	false	[]	11
¿Se construirá este proyecto aunque no haya una nuevo puente?	**¿Se construirá este proyecto aún si el Quinto Puente no se convierte en una realidad?**\n\nEste proyecto no depende del Quinto Puente. El crecimiento previsto de la ciudad requerirá la implementación de las mejoras necesarias independientemente de si el Quinto Puente está construido o no. Si se construye, el Quinto Puente serviría principalmente al intercambio de bienes y el comercio.	FAQ_LaredoOuterLoop_FinalDraft_Spanish.pdf		[]	false	[]	11
¿Cuándo comenzará este proyecto?	**¿Cuándo comenzará este proyecto?**\n\nUna vez que se finalice el estudio de factibilidad, y que se determine que se puede construir sin mayores\nimpactos ambientales, el proyecto puede pasar a las fases posteriores de diseño final, adquisición de derechos de vía, reubicación de servicios públicos y, en última instancia, a la fase de construcción. El progreso del proyecto también depende de la financiación disponible en cada fase. Como resultado, es posible que la construcción de este proyecto no comience hasta dentro de varios años.	FAQ_LaredoOuterLoop_FinalDraft_Spanish.pdf		[]	false	[]	12
¿En cuánto tiempo va a comenzar la construcción?	**¿Cuándo comenzará este proyecto?**\n\nUna vez que se finalice el estudio de factibilidad, y que se determine que se puede construir sin mayores\nimpactos ambientales, el proyecto puede pasar a las fases posteriores de diseño final, adquisición de derechos de vía, reubicación de servicios públicos y, en última instancia, a la fase de construcción. El progreso del proyecto también depende de la financiación disponible en cada fase. Como resultado, es posible que la construcción de este proyecto no comience hasta dentro de varios años.	FAQ_LaredoOuterLoop_FinalDraft_Spanish.pdf		[]	false	[]	12
¿En cuánto tiempo va a comenzar el proyecto?	**¿Cuándo comenzará este proyecto?**\n\nUna vez que se finalice el estudio de factibilidad, y que se determine que se puede construir sin mayores\nimpactos ambientales, el proyecto puede pasar a las fases posteriores de diseño final, adquisición de derechos de vía, reubicación de servicios públicos y, en última instancia, a la fase de construcción. El progreso del proyecto también depende de la financiación disponible en cada fase. Como resultado, es posible que la construcción de este proyecto no comience hasta dentro de varios años.	FAQ_LaredoOuterLoop_FinalDraft_Spanish.pdf		[]	false	[]	12
¿Cuánto tiempo llevará completar el proyecto?	**¿Cuánto tiempo llevará completar el proyecto?**\n\nUna vez que se finalice el estudio de factibilidad y las fases posteriores de diseño final, la construcción se programaría durante varios años dependiendo de la disponibilidad de financiamiento. Por lo general, carreteras principales como esta se construyen en un lapso de 20 a 30 años o más.	FAQ_LaredoOuterLoop_FinalDraft_Spanish.pdf		[]	false	[]	13
¿Cuánto tiempo se van a tardar en completar el proyecto?	**¿Cuánto tiempo llevará completar el proyecto?**\n\nUna vez que se finalice el estudio de factibilidad y las fases posteriores de diseño final, la construcción se programaría durante varios años dependiendo de la disponibilidad de financiamiento. Por lo general, carreteras principales como esta se construyen en un lapso de 20 a 30 años o más.	FAQ_LaredoOuterLoop_FinalDraft_Spanish.pdf		[]	false	[]	13
Will my property taxes be raised to fund this project?	**Will my property taxes be raised to fund this project?**\n\nNo. TxDOT transportation improvements such as the Laredo Outer Loop are not funded with local funding such as property taxes. The largest single source of revenue for state highways comes from the gas tax that is collected statewide.	FAQ_LaredoOuterLoop_FinalDraft_Spanish.pdf		[]	false	[]	14
Will I have to pay more taxes because of this project?	**Will my property taxes be raised to fund this project?**\n\nNo. TxDOT transportation improvements such as the Laredo Outer Loop are not funded with local funding such as property taxes. The largest single source of revenue for state highways comes from the gas tax that is collected statewide.	FAQ_LaredoOuterLoop_FinalDraft_Spanish.pdf		[]	false	[]	14
How much is the project estimated to cost?	The project is still at a very early stage. The preliminary cost estimates are being developed, but the actual cost of the project could vary based on several factors like the final location, scope of the project, possible interchanges, available right-of-way, and the time that the project is constructed.	FAQ_LaredoOuterLoop_FinalDraft_Spanish.pdf		[]	false	[{"displayOrder":0,"qnaId":118,"displayText":"Tell me more ..."}]	15
How much is the Laredo Outer Loop going to cost?	The project is still at a very early stage. The preliminary cost estimates are being developed, but the actual cost of the project could vary based on several factors like the final location, scope of the project, possible interchanges, available right-of-way, and the time that the project is constructed.	FAQ_LaredoOuterLoop_FinalDraft_Spanish.pdf		[]	false	[{"displayOrder":0,"qnaId":118,"displayText":"Tell me more ..."}]	15
What will it cost?	The project is still at a very early stage. The preliminary cost estimates are being developed, but the actual cost of the project could vary based on several factors like the final location, scope of the project, possible interchanges, available right-of-way, and the time that the project is constructed.	FAQ_LaredoOuterLoop_FinalDraft_Spanish.pdf		[]	false	[{"displayOrder":0,"qnaId":118,"displayText":"Tell me more ..."}]	15
How much will this cost?	The project is still at a very early stage. The preliminary cost estimates are being developed, but the actual cost of the project could vary based on several factors like the final location, scope of the project, possible interchanges, available right-of-way, and the time that the project is constructed.	FAQ_LaredoOuterLoop_FinalDraft_Spanish.pdf		[]	false	[{"displayOrder":0,"qnaId":118,"displayText":"Tell me more ..."}]	15
How much money?	The project is still at a very early stage. The preliminary cost estimates are being developed, but the actual cost of the project could vary based on several factors like the final location, scope of the project, possible interchanges, available right-of-way, and the time that the project is constructed.	FAQ_LaredoOuterLoop_FinalDraft_Spanish.pdf		[]	false	[{"displayOrder":0,"qnaId":118,"displayText":"Tell me more ..."}]	15
If the project is built and my property is affected, what can I expect to happen? What is the process that TxDOT would follow to acquire my property?	**If the project is built and my property is affected, what can I expect to happen? What is the process that TxDOT would follow to acquire my property?**\n\nFor information on the Right of Way and Other Land Acquisition processes followed by TxDOT, visit\n[https://www.txdot.gov/government/processes-procedures/lgp-toolkit/row-utilities/acquisition.html](https://www.txdot.gov/government/processes-procedures/lgp-toolkit/row-utilities/acquisition.html)\n	FAQ_LaredoOuterLoop_FinalDraft_Spanish.pdf		[]	false	[]	16
How much will TxDOT will pay for my property if I am impacted by the project?	**If the project is built and my property is affected, what can I expect to happen? What is the process that TxDOT would follow to acquire my property?**\n\nFor information on the Right of Way and Other Land Acquisition processes followed by TxDOT, visit\n[https://www.txdot.gov/government/processes-procedures/lgp-toolkit/row-utilities/acquisition.html](https://www.txdot.gov/government/processes-procedures/lgp-toolkit/row-utilities/acquisition.html)\n	FAQ_LaredoOuterLoop_FinalDraft_Spanish.pdf		[]	false	[]	16
What if I'm affected?	**If the project is built and my property is affected, what can I expect to happen? What is the process that TxDOT would follow to acquire my property?**\n\nFor information on the Right of Way and Other Land Acquisition processes followed by TxDOT, visit\n[https://www.txdot.gov/government/processes-procedures/lgp-toolkit/row-utilities/acquisition.html](https://www.txdot.gov/government/processes-procedures/lgp-toolkit/row-utilities/acquisition.html)\n	FAQ_LaredoOuterLoop_FinalDraft_Spanish.pdf		[]	false	[]	16
Will TxDOT buy my property if I am affected by the project?	**If the project is built and my property is affected, what can I expect to happen? What is the process that TxDOT would follow to acquire my property?**\n\nFor information on the Right of Way and Other Land Acquisition processes followed by TxDOT, visit\n[https://www.txdot.gov/government/processes-procedures/lgp-toolkit/row-utilities/acquisition.html](https://www.txdot.gov/government/processes-procedures/lgp-toolkit/row-utilities/acquisition.html)\n	FAQ_LaredoOuterLoop_FinalDraft_Spanish.pdf		[]	false	[]	16
What is the process that TxDOT would follow to acquire my property?	**If the project is built and my property is affected, what can I expect to happen? What is the process that TxDOT would follow to acquire my property?**\n\nFor information on the Right of Way and Other Land Acquisition processes followed by TxDOT, visit\n[https://www.txdot.gov/government/processes-procedures/lgp-toolkit/row-utilities/acquisition.html](https://www.txdot.gov/government/processes-procedures/lgp-toolkit/row-utilities/acquisition.html)\n	FAQ_LaredoOuterLoop_FinalDraft_Spanish.pdf		[]	false	[]	16
What if an alignment crosses my property?	**If the project is built and my property is affected, what can I expect to happen? What is the process that TxDOT would follow to acquire my property?**\n\nFor information on the Right of Way and Other Land Acquisition processes followed by TxDOT, visit\n[https://www.txdot.gov/government/processes-procedures/lgp-toolkit/row-utilities/acquisition.html](https://www.txdot.gov/government/processes-procedures/lgp-toolkit/row-utilities/acquisition.html)\n	FAQ_LaredoOuterLoop_FinalDraft_Spanish.pdf		[]	false	[]	16
What if my property is affected by the project?	**If the project is built and my property is affected, what can I expect to happen? What is the process that TxDOT would follow to acquire my property?**\n\nFor information on the Right of Way and Other Land Acquisition processes followed by TxDOT, visit\n[https://www.txdot.gov/government/processes-procedures/lgp-toolkit/row-utilities/acquisition.html](https://www.txdot.gov/government/processes-procedures/lgp-toolkit/row-utilities/acquisition.html)\n	FAQ_LaredoOuterLoop_FinalDraft_Spanish.pdf		[]	false	[]	16
¿Qué segmento es probable que se construya primero? ¿Por qué?	**¿Qué segmento es probable que se construya primero? ¿Por qué?**\n\nLos segmentos se priorizarán y se construirán de acuerdo con las necesidades identificadas; sin embargo, las prioridades aún no se han establecido. Por ejemplo, la porción entre US 59 y SH 359 podría aliviar las demandas de tráfico en el segmento cercano del Loop 20, así como ayudar a reducir los accidentes graves en esa carretera y, por lo tanto, podría priorizarse antes que otros segmentos.	FAQ_LaredoOuterLoop_FinalDraft_Spanish.pdf		[]	false	[]	17
¿Qué segmento se va a construir primero?	**¿Qué segmento es probable que se construya primero? ¿Por qué?**\n\nLos segmentos se priorizarán y se construirán de acuerdo con las necesidades identificadas; sin embargo, las prioridades aún no se han establecido. Por ejemplo, la porción entre US 59 y SH 359 podría aliviar las demandas de tráfico en el segmento cercano del Loop 20, así como ayudar a reducir los accidentes graves en esa carretera y, por lo tanto, podría priorizarse antes que otros segmentos.	FAQ_LaredoOuterLoop_FinalDraft_Spanish.pdf		[]	false	[]	17
¿Con cúal segmento van a comenzar la construcción?	**¿Qué segmento es probable que se construya primero? ¿Por qué?**\n\nLos segmentos se priorizarán y se construirán de acuerdo con las necesidades identificadas; sin embargo, las prioridades aún no se han establecido. Por ejemplo, la porción entre US 59 y SH 359 podría aliviar las demandas de tráfico en el segmento cercano del Loop 20, así como ayudar a reducir los accidentes graves en esa carretera y, por lo tanto, podría priorizarse antes que otros segmentos.	FAQ_LaredoOuterLoop_FinalDraft_Spanish.pdf		[]	false	[]	17
¿Por donde van a empezar?	**¿Qué segmento es probable que se construya primero? ¿Por qué?**\n\nLos segmentos se priorizarán y se construirán de acuerdo con las necesidades identificadas; sin embargo, las prioridades aún no se han establecido. Por ejemplo, la porción entre US 59 y SH 359 podría aliviar las demandas de tráfico en el segmento cercano del Loop 20, así como ayudar a reducir los accidentes graves en esa carretera y, por lo tanto, podría priorizarse antes que otros segmentos.	FAQ_LaredoOuterLoop_FinalDraft_Spanish.pdf		[]	false	[]	17
¿Aumentarán mis impuestos a la propiedad para financiar este proyecto?	**¿Aumentarán mis impuestos a la propiedad para financiar este proyecto?**\n\nNo. Las mejoras de transporte implementadas por TxDOT, como el\nAnillo Exterior Periférico de la Ciudad de Laredo\n, no se financian con fondos locales, como los impuestos a la propiedad. La principal fuente de financiamiento para las carreteras estatales proviene del impuesto a la gasolina que se recauda a nivel estatal en Texas.	FAQ_LaredoOuterLoop_FinalDraft_Spanish.pdf		[]	false	[]	18
¿Tendré que pagar más impuestos para pagar por este proyecto?	**¿Aumentarán mis impuestos a la propiedad para financiar este proyecto?**\n\nNo. Las mejoras de transporte implementadas por TxDOT, como el\nAnillo Exterior Periférico de la Ciudad de Laredo\n, no se financian con fondos locales, como los impuestos a la propiedad. La principal fuente de financiamiento para las carreteras estatales proviene del impuesto a la gasolina que se recauda a nivel estatal en Texas.	FAQ_LaredoOuterLoop_FinalDraft_Spanish.pdf		[]	false	[]	18
¿Cuánto se estima que costará el proyecto?	**¿Cuánto se estima que costará el proyecto?**\n\nEl proyecto aún se encuentra en una etapa muy temprana. Se están desarrollando las estimaciones de costos preliminares, pero el costo real del proyecto podría variar en función de varios factores, como la ubicación final, el alcance del proyecto, las posibles intersecciones con otras carreteras, el derecho de vía disponible y el momento en que se construya el proyecto.	FAQ_LaredoOuterLoop_FinalDraft_Spanish.pdf		[]	false	[]	19
¿Cuánto va a costar este proyecto?	**¿Cuánto se estima que costará el proyecto?**\n\nEl proyecto aún se encuentra en una etapa muy temprana. Se están desarrollando las estimaciones de costos preliminares, pero el costo real del proyecto podría variar en función de varios factores, como la ubicación final, el alcance del proyecto, las posibles intersecciones con otras carreteras, el derecho de vía disponible y el momento en que se construya el proyecto.	FAQ_LaredoOuterLoop_FinalDraft_Spanish.pdf		[]	false	[]	19
¿Cuánto dinero se va a invertir en este proyecto?	**¿Cuánto se estima que costará el proyecto?**\n\nEl proyecto aún se encuentra en una etapa muy temprana. Se están desarrollando las estimaciones de costos preliminares, pero el costo real del proyecto podría variar en función de varios factores, como la ubicación final, el alcance del proyecto, las posibles intersecciones con otras carreteras, el derecho de vía disponible y el momento en que se construya el proyecto.	FAQ_LaredoOuterLoop_FinalDraft_Spanish.pdf		[]	false	[]	19
Si el proyecto se construye y mi propiedad se ve afectada, ¿qué puedo esperar que suceda? ¿Cuál es el proceso que seguiría TxDOT para adquirir mi propiedad?	**Si el proyecto se construye y mi propiedad se ve afectada, ¿qué puedo esperar que suceda? ¿Cuál es el proceso que seguiría TxDOT para adquirir mi propiedad?**\n\nPara obtener información sobre la adquisición del Derecho de Vía y otros procesos de adquisición de tierras implementados por TxDOT, visite\n[https://www.txdot.gov/government/processes-](https://www.txdot.gov/government/processes-procedures/lgp-toolkit/row-utilities/acquisition.html)\n[procedures/lgp-toolkit/row-utilities/acquisition.html](https://www.txdot.gov/government/processes-procedures/lgp-toolkit/row-utilities/acquisition.html)\n	FAQ_LaredoOuterLoop_FinalDraft_Spanish.pdf		[]	false	[]	20
Si mi propiedad se ve afectada por el proyecto, ¿voy a tener que vender mi propiedad a TxDOT?	**Si el proyecto se construye y mi propiedad se ve afectada, ¿qué puedo esperar que suceda? ¿Cuál es el proceso que seguiría TxDOT para adquirir mi propiedad?**\n\nPara obtener información sobre la adquisición del Derecho de Vía y otros procesos de adquisición de tierras implementados por TxDOT, visite\n[https://www.txdot.gov/government/processes-](https://www.txdot.gov/government/processes-procedures/lgp-toolkit/row-utilities/acquisition.html)\n[procedures/lgp-toolkit/row-utilities/acquisition.html](https://www.txdot.gov/government/processes-procedures/lgp-toolkit/row-utilities/acquisition.html)\n	FAQ_LaredoOuterLoop_FinalDraft_Spanish.pdf		[]	false	[]	20
¿Que hago si mi propiedad esta afectada?  	**Si el proyecto se construye y mi propiedad se ve afectada, ¿qué puedo esperar que suceda? ¿Cuál es el proceso que seguiría TxDOT para adquirir mi propiedad?**\n\nPara obtener información sobre la adquisición del Derecho de Vía y otros procesos de adquisición de tierras implementados por TxDOT, visite\n[https://www.txdot.gov/government/processes-](https://www.txdot.gov/government/processes-procedures/lgp-toolkit/row-utilities/acquisition.html)\n[procedures/lgp-toolkit/row-utilities/acquisition.html](https://www.txdot.gov/government/processes-procedures/lgp-toolkit/row-utilities/acquisition.html)\n	FAQ_LaredoOuterLoop_FinalDraft_Spanish.pdf		[]	false	[]	20
¿Que pasa si el alineamiento pasa por mi propiedad?	**Si el proyecto se construye y mi propiedad se ve afectada, ¿qué puedo esperar que suceda? ¿Cuál es el proceso que seguiría TxDOT para adquirir mi propiedad?**\n\nPara obtener información sobre la adquisición del Derecho de Vía y otros procesos de adquisición de tierras implementados por TxDOT, visite\n[https://www.txdot.gov/government/processes-](https://www.txdot.gov/government/processes-procedures/lgp-toolkit/row-utilities/acquisition.html)\n[procedures/lgp-toolkit/row-utilities/acquisition.html](https://www.txdot.gov/government/processes-procedures/lgp-toolkit/row-utilities/acquisition.html)\n	FAQ_LaredoOuterLoop_FinalDraft_Spanish.pdf		[]	false	[]	20
How will this project benefit me? Will my property values go down?	**How will this project benefit me? Will my property values go down?**\n\nChanges in property values are inevitable and subject to market conditions. Improved accessibility, traffic flow, and safety are all likely benefits to land values. The proposed improvements would provide an increase in accessibility and a safer, more efficient route of transportation for those traveling to and from their homes and workplaces, as well as other destinations located throughout the study area.	FAQ_LaredoOuterLoop_FinalDraft_Spanish.pdf		[]	false	[]	21
Will I benefit from this project?	**How will this project benefit me? Will my property values go down?**\n\nChanges in property values are inevitable and subject to market conditions. Improved accessibility, traffic flow, and safety are all likely benefits to land values. The proposed improvements would provide an increase in accessibility and a safer, more efficient route of transportation for those traveling to and from their homes and workplaces, as well as other destinations located throughout the study area.	FAQ_LaredoOuterLoop_FinalDraft_Spanish.pdf		[]	false	[]	21
Will the value of my property change?	**How will this project benefit me? Will my property values go down?**\n\nChanges in property values are inevitable and subject to market conditions. Improved accessibility, traffic flow, and safety are all likely benefits to land values. The proposed improvements would provide an increase in accessibility and a safer, more efficient route of transportation for those traveling to and from their homes and workplaces, as well as other destinations located throughout the study area.	FAQ_LaredoOuterLoop_FinalDraft_Spanish.pdf		[]	false	[]	21
When is the next meeting taking place? What will be discussed at this meeting?	**When is the next meeting taking place? What will be discussed at this meeting?**\n\nAn initial round of meetings with property owners, potentially affected by the Outer Loop, was held in Laredo on September\n11th\nand\n12th,\n2019. A second round of meetings with the general public was held in January 2020. For more information on go to [https://www.txdot.gov/inside-txdot/get-involved/about/hearings-meetings/laredo/011620.html](https://www.txdot.gov/inside-txdot/get-involved/about/hearings-meetings/laredo/011620.html)	FAQ_LaredoOuterLoop_FinalDraft_Spanish.pdf		[]	false	[{"displayOrder":0,"qnaId":119,"displayText":"Next Steps"}]	22
Where can I get more information on the study?	**Where can I get more information on the study?**\n\nThe TxDOT Website at\n[www.txdot.gov](http://www.txdot.gov/)\n, under Projects > Projects and Studies, then find Laredo in the District list and select the link to Laredo Outer Loop Feasibility Study. The link to the project website is\n[https://www.txdot.gov/inside-txdot/projects/studies/laredo/laredo-outer-loop-feasibility-study.html](https://www.txdot.gov/inside-txdot/projects/studies/laredo/laredo-outer-loop-feasibility-study.html)\n	FAQ_LaredoOuterLoop_FinalDraft_Spanish.pdf		[]	false	[]	23
What else can I learn about the project?	**Where can I get more information on the study?**\n\nThe TxDOT Website at\n[www.txdot.gov](http://www.txdot.gov/)\n, under Projects > Projects and Studies, then find Laredo in the District list and select the link to Laredo Outer Loop Feasibility Study. The link to the project website is\n[https://www.txdot.gov/inside-txdot/projects/studies/laredo/laredo-outer-loop-feasibility-study.html](https://www.txdot.gov/inside-txdot/projects/studies/laredo/laredo-outer-loop-feasibility-study.html)\n	FAQ_LaredoOuterLoop_FinalDraft_Spanish.pdf		[]	false	[]	23
What else can I learn about the study?	**Where can I get more information on the study?**\n\nThe TxDOT Website at\n[www.txdot.gov](http://www.txdot.gov/)\n, under Projects > Projects and Studies, then find Laredo in the District list and select the link to Laredo Outer Loop Feasibility Study. The link to the project website is\n[https://www.txdot.gov/inside-txdot/projects/studies/laredo/laredo-outer-loop-feasibility-study.html](https://www.txdot.gov/inside-txdot/projects/studies/laredo/laredo-outer-loop-feasibility-study.html)\n	FAQ_LaredoOuterLoop_FinalDraft_Spanish.pdf		[]	false	[]	23
¿Cómo me beneficiará este proyecto? ¿Bajarían los valores de mi propiedad?	**¿Cómo me beneficiará este proyecto? ¿Bajarían los valores de mi propiedad?**\n\nCambios en los valores de las propiedades son inevitables y están sujetos a las condiciones del mercado. Mejor accesibilidad, flujo vehicular y mayor seguridad vial son factores que probablemente favorecerían el valor de la tierra. Las mejoras propuestas proporcionarían un aumento en la accesibilidad y una ruta de transporte más segura y eficiente para aquellos que viajan hacia y desde sus hogares y lugares de trabajo, así como a otros destinos ubicados en el área de estudio.	FAQ_LaredoOuterLoop_FinalDraft_Spanish.pdf		[]	false	[]	24
¿Me voy a beneficiar con la construcción de este proyecto?	**¿Cómo me beneficiará este proyecto? ¿Bajarían los valores de mi propiedad?**\n\nCambios en los valores de las propiedades son inevitables y están sujetos a las condiciones del mercado. Mejor accesibilidad, flujo vehicular y mayor seguridad vial son factores que probablemente favorecerían el valor de la tierra. Las mejoras propuestas proporcionarían un aumento en la accesibilidad y una ruta de transporte más segura y eficiente para aquellos que viajan hacia y desde sus hogares y lugares de trabajo, así como a otros destinos ubicados en el área de estudio.	FAQ_LaredoOuterLoop_FinalDraft_Spanish.pdf		[]	false	[]	24
¿Van a cambiar los valores de mi propiedad?	**¿Cómo me beneficiará este proyecto? ¿Bajarían los valores de mi propiedad?**\n\nCambios en los valores de las propiedades son inevitables y están sujetos a las condiciones del mercado. Mejor accesibilidad, flujo vehicular y mayor seguridad vial son factores que probablemente favorecerían el valor de la tierra. Las mejoras propuestas proporcionarían un aumento en la accesibilidad y una ruta de transporte más segura y eficiente para aquellos que viajan hacia y desde sus hogares y lugares de trabajo, así como a otros destinos ubicados en el área de estudio.	FAQ_LaredoOuterLoop_FinalDraft_Spanish.pdf		[]	false	[]	24
¿Cuándo se llevará a cabo la próxima reunión? ¿Qué se discutirá en esta reunión?	**¿Cuándo se llevará a cabo la próxima reunión? ¿Qué se discutirá en esta reunión?**\n\nLos días 11 y 12 de septiembre de 2019 se celebró en Laredo una ronda inicial de reuniones con los propietarios, que podrían verse afectados por el Anillo Exterior Periférico de la Ciudad de Laredo. Una segunda ronda de reuniones abiertas al público en general se llevará a cabo a principios del 2020.	FAQ_LaredoOuterLoop_FinalDraft_Spanish.pdf		[]	false	[]	25
¿Dónde puedo obtener más información sobre el estudio?	**¿Dónde puedo obtener más información sobre el estudio?**\n\nA través del sitio web de TxDOT; www.txdot.gov, en Proyects> Projects y Studies. Luego busque Laredo\nen la lista de Distritos y seleccione el enlace al Laredo Outer Loop Feasibility Study. El enlace al sitio web\ndel proyecto es\n[https://www.txdot.gov/inside-txdot/projects/studies/laredo/laredo-outer-loop-](https://www.txdot.gov/inside-txdot/projects/studies/laredo/laredo-outer-loop-feasibility-study.html)\n[feasibility-study.html](https://www.txdot.gov/inside-txdot/projects/studies/laredo/laredo-outer-loop-feasibility-study.html)\n	FAQ_LaredoOuterLoop_FinalDraft_Spanish.pdf		[]	false	[]	26
¿Cómo puedo obtener mas información sobre el estudio?	**¿Dónde puedo obtener más información sobre el estudio?**\n\nA través del sitio web de TxDOT; www.txdot.gov, en Proyects> Projects y Studies. Luego busque Laredo\nen la lista de Distritos y seleccione el enlace al Laredo Outer Loop Feasibility Study. El enlace al sitio web\ndel proyecto es\n[https://www.txdot.gov/inside-txdot/projects/studies/laredo/laredo-outer-loop-](https://www.txdot.gov/inside-txdot/projects/studies/laredo/laredo-outer-loop-feasibility-study.html)\n[feasibility-study.html](https://www.txdot.gov/inside-txdot/projects/studies/laredo/laredo-outer-loop-feasibility-study.html)\n	FAQ_LaredoOuterLoop_FinalDraft_Spanish.pdf		[]	false	[]	26
¿Cómo puedo obtener mas información sobre el proyecto?	**¿Dónde puedo obtener más información sobre el estudio?**\n\nA través del sitio web de TxDOT; www.txdot.gov, en Proyects> Projects y Studies. Luego busque Laredo\nen la lista de Distritos y seleccione el enlace al Laredo Outer Loop Feasibility Study. El enlace al sitio web\ndel proyecto es\n[https://www.txdot.gov/inside-txdot/projects/studies/laredo/laredo-outer-loop-](https://www.txdot.gov/inside-txdot/projects/studies/laredo/laredo-outer-loop-feasibility-study.html)\n[feasibility-study.html](https://www.txdot.gov/inside-txdot/projects/studies/laredo/laredo-outer-loop-feasibility-study.html)\n	FAQ_LaredoOuterLoop_FinalDraft_Spanish.pdf		[]	false	[]	26
Tell me more ...	 Here are some options:	Editorial		[]	false	[{"displayOrder":0,"qnaId":15,"displayText":"How much will it cost?"},{"displayOrder":0,"qnaId":3,"displayText":"Will this project be safer?"},{"displayOrder":0,"qnaId":8,"displayText":"When will it start construction?"},{"displayOrder":0,"qnaId":9,"displayText":"When is it going to be finished?"}]	118
Next Steps	The study just hosted its second round of public meetings. The next step in the process, after the comment period closes on Feb 3rd, will be the adjustment of the alignments according to public input and the development of a report including final findings and recommendations. The report is expected to be completed by the end of Spring 2020.	Editorial		[]	false	[]	119
What comes next?	The study just hosted its second round of public meetings. The next step in the process, after the comment period closes on Feb 3rd, will be the adjustment of the alignments according to public input and the development of a report including final findings and recommendations. The report is expected to be completed by the end of Spring 2020.	Editorial		[]	false	[]	119
What are the next steps?	The study just hosted its second round of public meetings. The next step in the process, after the comment period closes on Feb 3rd, will be the adjustment of the alignments according to public input and the development of a report including final findings and recommendations. The report is expected to be completed by the end of Spring 2020.	Editorial		[]	false	[]	119
Now what?	The study just hosted its second round of public meetings. The next step in the process, after the comment period closes on Feb 3rd, will be the adjustment of the alignments according to public input and the development of a report including final findings and recommendations. The report is expected to be completed by the end of Spring 2020.	Editorial		[]	false	[]	119
Is the City of Laredo going to be involved?	The study is being conducted by the TxDOT Laredo District and future phases of development will also be coordinated by the Laredo District. Coordination efforts have been made with the City of Laredo as part of the Laredo Outer Loop Feasibility Study. 	Editorial		[]	false	[]	130
Is the city going to be involved?	The study is being conducted by the TxDOT Laredo District and future phases of development will also be coordinated by the Laredo District. Coordination efforts have been made with the City of Laredo as part of the Laredo Outer Loop Feasibility Study. 	Editorial		[]	false	[]	130
Who else is participating in the study?	The study is being conducted by the TxDOT Laredo District and future phases of development will also be coordinated by the Laredo District. Coordination efforts have been made with the City of Laredo as part of the Laredo Outer Loop Feasibility Study. 	Editorial		[]	false	[]	130
How will the city be involved?	The study is being conducted by the TxDOT Laredo District and future phases of development will also be coordinated by the Laredo District. Coordination efforts have been made with the City of Laredo as part of the Laredo Outer Loop Feasibility Study. 	Editorial		[]	false	[]	130
Who is doing this study?	The study is being conducted by the TxDOT Laredo District and future phases of development will also be coordinated by the Laredo District. Coordination efforts have been made with the City of Laredo as part of the Laredo Outer Loop Feasibility Study. 	Editorial		[]	false	[]	130
Who is in charge of the study?	The study is being conducted by the TxDOT Laredo District and future phases of development will also be coordinated by the Laredo District. Coordination efforts have been made with the City of Laredo as part of the Laredo Outer Loop Feasibility Study. 	Editorial		[]	false	[]	130
Will this project impact the environment?	As part of the feasibility study, several environmental and human constraints were taken into consideration and avoided when designing the proposed alignments for the Laredo Outer Loop. During future phases of development a more detailed environmental analysis will be performed.	Editorial		[]	false	[]	131
How will the Laredo Outer Loop impact the environment?	As part of the feasibility study, several environmental and human constraints were taken into consideration and avoided when designing the proposed alignments for the Laredo Outer Loop. During future phases of development a more detailed environmental analysis will be performed.	Editorial		[]	false	[]	131
Are you taking the environment into consideration?	As part of the feasibility study, several environmental and human constraints were taken into consideration and avoided when designing the proposed alignments for the Laredo Outer Loop. During future phases of development a more detailed environmental analysis will be performed.	Editorial		[]	false	[]	131
Are you going to protect the environment?	As part of the feasibility study, several environmental and human constraints were taken into consideration and avoided when designing the proposed alignments for the Laredo Outer Loop. During future phases of development a more detailed environmental analysis will be performed.	Editorial		[]	false	[]	131
Is there funding available for this project?	The largest single source of revenue for TxDOT\ntransportation improvements such as the Laredo Outer Loop comes from the gas tax that is collected statewide. Funding has been allocated for the feasibility study only at this time.	Editorial		[]	false	[]	132
Which phases of the study have been funded?	The largest single source of revenue for TxDOT\ntransportation improvements such as the Laredo Outer Loop comes from the gas tax that is collected statewide. Funding has been allocated for the feasibility study only at this time.	Editorial		[]	false	[]	132
Where will the funding come from?	The largest single source of revenue for TxDOT\ntransportation improvements such as the Laredo Outer Loop comes from the gas tax that is collected statewide. Funding has been allocated for the feasibility study only at this time.	Editorial		[]	false	[]	132
Who is going to pay for this road?	The largest single source of revenue for TxDOT\ntransportation improvements such as the Laredo Outer Loop comes from the gas tax that is collected statewide. Funding has been allocated for the feasibility study only at this time.	Editorial		[]	false	[]	132
Lot's of studies, nothing built yet	Once feasibility studies and other earlier project development phases are completed, construction of projects like the Laredo Outer Loop are phased over several years depending on funding availability. Typically, major facilities like this are built over a span of 20 to 30 or more years.	Editorial		[]	false	[]	133
This study is taking too long, when is going to be built?	Once feasibility studies and other earlier project development phases are completed, construction of projects like the Laredo Outer Loop are phased over several years depending on funding availability. Typically, major facilities like this are built over a span of 20 to 30 or more years.	Editorial		[]	false	[]	133
This is not the first time the Outer Loop is analyzed, it is taking too long	Once feasibility studies and other earlier project development phases are completed, construction of projects like the Laredo Outer Loop are phased over several years depending on funding availability. Typically, major facilities like this are built over a span of 20 to 30 or more years.	Editorial		[]	false	[]	133
Who should I contact if I have any questions?	Please contact Roberto Rodriguez at TxDOT Laredo District Office, Attention: Roberto Rodriguez P.E., TP&D-Advanced Planning Supervisor, 1817 Bob Bullock Loop, Laredo, Texas 78043; at Roberto.Rodriguez@txdot.gov; or (956) 712-7735	Editorial		[]	false	[]	136
Who can give me more information about the project?	Please contact Roberto Rodriguez at TxDOT Laredo District Office, Attention: Roberto Rodriguez P.E., TP&D-Advanced Planning Supervisor, 1817 Bob Bullock Loop, Laredo, Texas 78043; at Roberto.Rodriguez@txdot.gov; or (956) 712-7735	Editorial		[]	false	[]	136
Who should I talk to if I have more questions?	Please contact Roberto Rodriguez at TxDOT Laredo District Office, Attention: Roberto Rodriguez P.E., TP&D-Advanced Planning Supervisor, 1817 Bob Bullock Loop, Laredo, Texas 78043; at Roberto.Rodriguez@txdot.gov; or (956) 712-7735	Editorial		[]	false	[]	136
Who should I contact if I have questions about the project?	Please contact Roberto Rodriguez at TxDOT Laredo District Office, Attention: Roberto Rodriguez P.E., TP&D-Advanced Planning Supervisor, 1817 Bob Bullock Loop, Laredo, Texas 78043; at Roberto.Rodriguez@txdot.gov; or (956) 712-7735	Editorial		[]	false	[]	136
¿A quién puedo contactar para más preguntas?	Por favor contacte a Roberto Rodriguez a través de TxDOT Laredo District Office, Attention: Roberto Rodriguez P.E., TP&D-Advanced Planning Supervisor, 1817 Bob Bullock Loop, Laredo, Texas 78043; a través de Roberto.Rodriguez@txdot.gov; o al (956) 712-7735	Editorial		[]	false	[]	137
¿A quién puedo contactar si tengo más preguntas?	Por favor contacte a Roberto Rodriguez a través de TxDOT Laredo District Office, Attention: Roberto Rodriguez P.E., TP&D-Advanced Planning Supervisor, 1817 Bob Bullock Loop, Laredo, Texas 78043; a través de Roberto.Rodriguez@txdot.gov; o al (956) 712-7735	Editorial		[]	false	[]	137
¿Con quién puedo hablar si tengo más preguntas?	Por favor contacte a Roberto Rodriguez a través de TxDOT Laredo District Office, Attention: Roberto Rodriguez P.E., TP&D-Advanced Planning Supervisor, 1817 Bob Bullock Loop, Laredo, Texas 78043; a través de Roberto.Rodriguez@txdot.gov; o al (956) 712-7735	Editorial		[]	false	[]	137
What is the difference between alignment A and C?	Alignment A and C overlap within Segments 1 through 5. In Segment 6, Alignment A is closer to I-35 to provide access to future industrial developments. Alignment C is further east from I-35 to avoid environmental features.	Editorial		[]	false	[]	138
Are Alignmen A and C the same?	Alignment A and C overlap within Segments 1 through 5. In Segment 6, Alignment A is closer to I-35 to provide access to future industrial developments. Alignment C is further east from I-35 to avoid environmental features.	Editorial		[]	false	[]	138
Why this study?	Initially studied in 2007, the Laredo Outer Loop is a proposed roadway facility located in Webb County that extends east of Laredo from the I-35/SH 255 interchange in the north to the vicinity of the proposed Fifth Bridge crossing in the south, near the City of Rio Bravo. The loop aims at providing capacity and resiliency to the existing highway network in the county, in addition to planning for future growth of Laredo. This study is to assess the feasibility of the proposed route, evaluate the need and potential impacts of this improvement, as well as provide a preliminary conceptual layout for the facility. For more information please visit www.txdot.gov, keyword search "Laredo Outer Loop".	Editorial		[]	false	[]	139
What is the purpose of this study?	Initially studied in 2007, the Laredo Outer Loop is a proposed roadway facility located in Webb County that extends east of Laredo from the I-35/SH 255 interchange in the north to the vicinity of the proposed Fifth Bridge crossing in the south, near the City of Rio Bravo. The loop aims at providing capacity and resiliency to the existing highway network in the county, in addition to planning for future growth of Laredo. This study is to assess the feasibility of the proposed route, evaluate the need and potential impacts of this improvement, as well as provide a preliminary conceptual layout for the facility. For more information please visit www.txdot.gov, keyword search "Laredo Outer Loop".	Editorial		[]	false	[]	139
Why are you doing this study?	Initially studied in 2007, the Laredo Outer Loop is a proposed roadway facility located in Webb County that extends east of Laredo from the I-35/SH 255 interchange in the north to the vicinity of the proposed Fifth Bridge crossing in the south, near the City of Rio Bravo. The loop aims at providing capacity and resiliency to the existing highway network in the county, in addition to planning for future growth of Laredo. This study is to assess the feasibility of the proposed route, evaluate the need and potential impacts of this improvement, as well as provide a preliminary conceptual layout for the facility. For more information please visit www.txdot.gov, keyword search "Laredo Outer Loop".	Editorial		[]	false	[]	139
